"","Cluster_no","Tweet_ID","Created","User_name","Retweet_count","Original_User"
"13852",14,10424,"17-04-2017 08:09","ra1vi2",0,"ra1vi2"
"13851",14,7989,"22-11-2016 10:58","judets",331,"rssurjewala"
"13849",14,7982,"22-11-2016 10:59","JSK__11",331,"rssurjewala"
"13850",14,7985,"22-11-2016 10:59","syedmohdyasir3",331,"rssurjewala"
"13847",14,7973,"22-11-2016 11:00","PriyabrataT",331,"rssurjewala"
"13848",14,7978,"22-11-2016 11:00","Sameer470",331,"rssurjewala"
"13845",14,7964,"22-11-2016 11:01","deepakrajsuman2",331,"rssurjewala"
"13846",14,7965,"22-11-2016 11:01","RavindraMohanty",331,"rssurjewala"
"13843",14,7955,"22-11-2016 11:02","nirala_st",331,"rssurjewala"
"13844",14,7961,"22-11-2016 11:02","ahmedhussainn1",331,"rssurjewala"
"13842",14,7949,"22-11-2016 11:04","ammiedgr8",331,"rssurjewala"
"13841",14,7938,"22-11-2016 11:06","b_richardn",331,"rssurjewala"
"13840",14,7922,"22-11-2016 11:08","sventure007",331,"rssurjewala"
"13839",14,7905,"22-11-2016 11:11","narende95085739",331,"rssurjewala"
"13838",14,7901,"22-11-2016 11:12","annavetticad",331,"rssurjewala"
"13836",14,7893,"22-11-2016 11:14","amitazad67",331,"rssurjewala"
"13837",14,7896,"22-11-2016 11:14","rakeshrammi",331,"rssurjewala"
"13835",14,7892,"22-11-2016 11:15","harmony1960",331,"rssurjewala"
"13834",14,7881,"22-11-2016 11:16","lop_india",331,"rssurjewala"
"13832",14,7869,"22-11-2016 11:18","puriyash41",331,"rssurjewala"
"13833",14,7871,"22-11-2016 11:18","Sandeep1481996",331,"rssurjewala"
"13831",14,7855,"22-11-2016 11:20","Faller18",331,"rssurjewala"
"13828",14,7847,"22-11-2016 11:22","singhmahavir50",331,"rssurjewala"
"13829",14,7848,"22-11-2016 11:22","cryptex_221B",331,"rssurjewala"
"13830",14,7849,"22-11-2016 11:22","SunitaWilson72",331,"rssurjewala"
"13827",14,7841,"22-11-2016 11:23","rajendra006",331,"rssurjewala"
"13825",14,7835,"22-11-2016 11:24","mahesharma39",331,"rssurjewala"
"13826",14,7838,"22-11-2016 11:24","goeltm_tg",331,"rssurjewala"
"13823",14,7828,"22-11-2016 11:26","gnh94ster",331,"rssurjewala"
"13824",14,7829,"22-11-2016 11:26","NARPATSHETH",331,"rssurjewala"
"13820",14,7821,"22-11-2016 11:28","ShrutiS04072118",331,"rssurjewala"
"13821",14,7823,"22-11-2016 11:28","SiddiqueMobin",331,"rssurjewala"
"13822",14,7824,"22-11-2016 11:28","kapilreet",331,"rssurjewala"
"13819",14,7818,"22-11-2016 11:29","sunil_iyc",331,"rssurjewala"
"13817",14,7808,"22-11-2016 11:31","BolRaghu",331,"rssurjewala"
"13818",14,7812,"22-11-2016 11:31","PreetiRnair",331,"rssurjewala"
"13816",14,7805,"22-11-2016 11:32","ejazr",331,"rssurjewala"
"13815",14,7803,"22-11-2016 11:33","acchandramouli",331,"rssurjewala"
"13814",14,7794,"22-11-2016 11:35","misirspeaks",331,"rssurjewala"
"13813",14,7784,"22-11-2016 11:36","smadygo",331,"rssurjewala"
"13812",14,7773,"22-11-2016 11:39","mrpankajsethi",331,"rssurjewala"
"13811",14,7766,"22-11-2016 11:40","rohitpanwar9999",331,"rssurjewala"
"13809",14,7761,"22-11-2016 11:41","romandsouza",331,"rssurjewala"
"13810",14,7762,"22-11-2016 11:41","Siddharth_Majra",331,"rssurjewala"
"13807",14,7755,"22-11-2016 11:42","RizviSalim",331,"rssurjewala"
"13808",14,7758,"22-11-2016 11:42","Balaindrajith",331,"rssurjewala"
"13806",14,7746,"22-11-2016 11:45","faridshaikh984",331,"rssurjewala"
"13805",14,7736,"22-11-2016 11:48","dharmmeena",331,"rssurjewala"
"13804",14,7692,"22-11-2016 11:54","SNK238",331,"rssurjewala"
"13803",14,7689,"22-11-2016 11:55","Naveen1177",331,"rssurjewala"
"13802",14,7679,"22-11-2016 11:56","natasha_2o1o",331,"rssurjewala"
"13801",14,7669,"22-11-2016 11:59","DharamC05536997",331,"rssurjewala"
"13800",14,7646,"22-11-2016 12:00","faisalmalegaon",331,"rssurjewala"
"13799",14,7615,"22-11-2016 12:02","bishakha",331,"rssurjewala"
"13798",14,7564,"22-11-2016 12:10","tanveer1729",331,"rssurjewala"
"13797",14,7543,"22-11-2016 12:15","Tinni_Aphrodite",331,"rssurjewala"
"13796",14,7530,"22-11-2016 12:17","maxmelbin",331,"rssurjewala"
"13795",14,7525,"22-11-2016 12:18","AMadumoole",331,"rssurjewala"
"13794",14,7507,"22-11-2016 12:20","Sharmistha_GK",331,"rssurjewala"
"13790",14,7502,"22-11-2016 12:21","hussainmusab123",331,"rssurjewala"
"13791",14,7503,"22-11-2016 12:21","bikash_ds",331,"rssurjewala"
"13792",14,7504,"22-11-2016 12:21","lokeshsager96",331,"rssurjewala"
"13793",14,7505,"22-11-2016 12:21","ravinderburari",331,"rssurjewala"
"13788",14,7500,"22-11-2016 12:22","hariskirmani",331,"rssurjewala"
"13789",14,7501,"22-11-2016 12:22","retheeshraj10",331,"rssurjewala"
"13787",14,7472,"22-11-2016 12:25","Jiteshsachdeva0",331,"rssurjewala"
"13785",14,7464,"22-11-2016 12:26","msinghmk",331,"rssurjewala"
"13786",14,7467,"22-11-2016 12:26","rooster16111611",331,"rssurjewala"
"13784",14,7452,"22-11-2016 12:27","Khadim_Dar",331,"rssurjewala"
"13783",14,7436,"22-11-2016 12:31","27a41de2a89b454",331,"rssurjewala"
"13782",14,7394,"22-11-2016 12:36","ChandokSumeet",331,"rssurjewala"
"13781",14,7375,"22-11-2016 12:39","ShyamLalAggarw1",331,"rssurjewala"
"13780",14,7355,"22-11-2016 12:43","MikeDesai",331,"rssurjewala"
"13779",14,7319,"22-11-2016 12:51","logicalindianz",331,"rssurjewala"
"13778",14,7310,"22-11-2016 12:52","PDrsudhakar",331,"rssurjewala"
"13777",14,7282,"22-11-2016 12:58","shantanuaddict",331,"rssurjewala"
"13776",14,7207,"22-11-2016 13:12","AhemedWaseem",331,"rssurjewala"
"13775",14,7202,"22-11-2016 13:13","dakunal",331,"rssurjewala"
"13774",14,7163,"22-11-2016 13:19","crazyrals",331,"rssurjewala"
"13773",14,7133,"22-11-2016 13:23","RamlaljatINC",331,"rssurjewala"
"13772",14,7081,"22-11-2016 13:30","HakimSaleh215",331,"rssurjewala"
"13771",14,6944,"22-11-2016 13:51","KapilBa31764279",331,"rssurjewala"
"13770",14,6898,"22-11-2016 13:58","ArunKetli",331,"rssurjewala"
"13769",14,6839,"22-11-2016 14:09","imrankh23147478",331,"rssurjewala"
"13768",14,6817,"22-11-2016 14:13","vishalkhadri1",331,"rssurjewala"
"13767",14,6784,"22-11-2016 14:19","kcshukla6",331,"rssurjewala"
"13766",14,6769,"22-11-2016 14:22","mdshamshads57",331,"rssurjewala"
"13765",14,6761,"22-11-2016 14:24","WithCongressUK",331,"rssurjewala"
"13764",14,6739,"22-11-2016 14:28","mainavishal0018",331,"rssurjewala"
"13763",14,6722,"22-11-2016 14:32","ranjit1442",331,"rssurjewala"
"13762",14,6702,"22-11-2016 14:37","DrASANAliKhan1",331,"rssurjewala"
"13759",14,6680,"22-11-2016 14:40","AsitRai9",331,"rssurjewala"
"13760",14,6684,"22-11-2016 14:40","DewasiSatpal",331,"rssurjewala"
"13761",14,6685,"22-11-2016 14:40","INCIndia",331,"rssurjewala"
"13755",14,6674,"22-11-2016 14:41","furkansayed1",331,"rssurjewala"
"13756",14,6675,"22-11-2016 14:41","DalipGautam2",331,"rssurjewala"
"13757",14,6677,"22-11-2016 14:41","Shivam_INC",0,"NCIndi"
"13758",14,6679,"22-11-2016 14:41","WithCongAssamNE",0,"WithCongAssamNE"
"13753",14,6668,"22-11-2016 14:42","IndianRajneet",0,"ssurjewala"
"13754",14,6671,"22-11-2016 14:42","SarcasticSaint",331,"rssurjewala"
"13747",14,6656,"22-11-2016 14:43","paaruni",331,"rssurjewala"
"13748",14,6657,"22-11-2016 14:43","AggregatorENews",0,"AggregatorENews"
"13749",14,6658,"22-11-2016 14:43","Prapanchi",2,"Prapanchi"
"13750",14,6659,"22-11-2016 14:43","msirsiwal",0,"NCIndia"
"13751",14,6661,"22-11-2016 14:43","SachinA1982",331,"rssurjewala"
"13752",14,6666,"22-11-2016 14:43","mdbaid",331,"rssurjewala"
"13740",14,6646,"22-11-2016 14:44","HumanistJayanta",331,"rssurjewala"
"13741",14,6647,"22-11-2016 14:44","farooque_s",331,"rssurjewala"
"13742",14,6648,"22-11-2016 14:44","amarendrabigb",331,"rssurjewala"
"13743",14,6649,"22-11-2016 14:44","husnazaki",331,"rssurjewala"
"13744",14,6651,"22-11-2016 14:44","imfainaz",331,"rssurjewala"
"13745",14,6652,"22-11-2016 14:44","fbadgujar1",331,"rssurjewala"
"13746",14,6654,"22-11-2016 14:44","_Mataprasad",0,"NCIndi"
"13737",14,6643,"22-11-2016 14:45","MkmlaKumar",331,"rssurjewala"
"13738",14,6644,"22-11-2016 14:45","ChottaGappu",0,"ssurjewala"
"13739",14,6645,"22-11-2016 14:45","naimul_84",0,"NCIndi"
"13736",14,6642,"22-11-2016 14:46","rshaikh123",331,"rssurjewala"
"13734",14,6636,"22-11-2016 14:47","daaniashraf",331,"rssurjewala"
"13735",14,6638,"22-11-2016 14:47","AMahayas",331,"rssurjewala"
"13733",14,6632,"22-11-2016 14:48","Des_Bharat",2,"Prapanchi"
"13729",14,6617,"22-11-2016 14:49","ramdaindia",331,"rssurjewala"
"13730",14,6620,"22-11-2016 14:49","BombayGossips",2,"Prapanchi"
"13731",14,6621,"22-11-2016 14:49","sairahg",331,"rssurjewala"
"13732",14,6622,"22-11-2016 14:49","smithtayal444",331,"rssurjewala"
"13728",14,6615,"22-11-2016 14:50","bsjass1",331,"rssurjewala"
"13726",14,6606,"22-11-2016 14:51","PhoenixMathew",331,"rssurjewala"
"13727",14,6611,"22-11-2016 14:51","KushlanandS",331,"rssurjewala"
"13725",14,6604,"22-11-2016 14:52","RwdRG",0,""
"13723",14,6591,"22-11-2016 14:53","thecableguy201",331,"rssurjewala"
"13724",14,6598,"22-11-2016 14:53","_Zayaan",331,"rssurjewala"
"13721",14,6571,"22-11-2016 14:55","DadanMoiz",331,"rssurjewala"
"13722",14,6577,"22-11-2016 14:55","earlyseed1",331,"rssurjewala"
"13720",14,6567,"22-11-2016 14:56","aazaadparinda",331,"rssurjewala"
"13719",14,6542,"22-11-2016 15:00","kthakur76",331,"rssurjewala"
"13716",14,6521,"22-11-2016 15:02","mamuni_ishita",331,"rssurjewala"
"13717",14,6522,"22-11-2016 15:02","ahsanrao7",331,"rssurjewala"
"13718",14,6528,"22-11-2016 15:02","rajendra9414",331,"rssurjewala"
"13715",14,6511,"22-11-2016 15:04","rohillaneeru",331,"rssurjewala"
"13714",14,6498,"22-11-2016 15:05","ZedLens",331,"rssurjewala"
"13713",14,6495,"22-11-2016 15:06","AsliSaleem",331,"rssurjewala"
"13712",14,6484,"22-11-2016 15:08","RoshanSonmi",331,"rssurjewala"
"13711",14,6472,"22-11-2016 15:09","6b15055656184ea",331,"rssurjewala"
"13709",14,6444,"22-11-2016 15:16","kmarkri",331,"rssurjewala"
"13710",14,6448,"22-11-2016 15:16","VijayKumarBans5",331,"rssurjewala"
"13707",14,6440,"22-11-2016 15:17","Sahil_RG",0,"Sahil_RG"
"13708",14,6441,"22-11-2016 15:17","Sahil_RG",331,"rssurjewala"
"13705",14,6431,"22-11-2016 15:18","JP_Pwar",331,"rssurjewala"
"13706",14,6432,"22-11-2016 15:18","RRspoonia1",331,"rssurjewala"
"13704",14,6409,"22-11-2016 15:24","sandeep_2021",331,"rssurjewala"
"13703",14,6394,"22-11-2016 15:25","Khurram1inc",331,"rssurjewala"
"13702",14,6387,"22-11-2016 15:26","minnasood",331,"rssurjewala"
"13701",14,6383,"22-11-2016 15:28","AbdulBariHanfi",331,"rssurjewala"
"13700",14,6377,"22-11-2016 15:29","sachinraj2706",331,"rssurjewala"
"13699",14,6344,"22-11-2016 15:35","c9feb8aefbaa42a",331,"rssurjewala"
"13697",14,6325,"22-11-2016 15:40","anky2591",331,"rssurjewala"
"13698",14,6328,"22-11-2016 15:40","mahaveernetaji",331,"rssurjewala"
"13696",14,6296,"22-11-2016 15:45","NewsNinja",331,"rssurjewala"
"13695",14,6264,"22-11-2016 15:53","Office_of_SG",331,"rssurjewala"
"13694",14,6255,"22-11-2016 15:54","AkashKinker",331,"rssurjewala"
"13693",14,6252,"22-11-2016 15:55","NMukhii",331,"rssurjewala"
"13692",14,6242,"22-11-2016 15:56","iamsmithaa",331,"rssurjewala"
"13691",14,6227,"22-11-2016 16:00","Braju33",331,"rssurjewala"
"13689",14,6207,"22-11-2016 16:03","i_me_my5elf",331,"rssurjewala"
"13690",14,6211,"22-11-2016 16:03","sujitkumar5555",331,"rssurjewala"
"13688",14,6193,"22-11-2016 16:07","MardanaMohit",331,"rssurjewala"
"13686",14,6188,"22-11-2016 16:08","arunsharma1970",331,"rssurjewala"
"13687",14,6189,"22-11-2016 16:08","padre9rr",331,"rssurjewala"
"13685",14,6183,"22-11-2016 16:09","farhat_yk",331,"rssurjewala"
"13683",14,6172,"22-11-2016 16:11","Raj5576",331,"rssurjewala"
"13684",14,6175,"22-11-2016 16:11","emumec",331,"rssurjewala"
"13681",14,6162,"22-11-2016 16:12","kailashjat",331,"rssurjewala"
"13682",14,6165,"22-11-2016 16:12","10anandrai",331,"rssurjewala"
"13680",14,6135,"22-11-2016 16:16","congressamit",331,"rssurjewala"
"13678",14,6100,"22-11-2016 16:24","parveen_bhadoo",331,"rssurjewala"
"13679",14,6104,"22-11-2016 16:24","mnakthar",331,"rssurjewala"
"13677",14,6094,"22-11-2016 16:26","alisadaqat",331,"rssurjewala"
"13676",14,6091,"22-11-2016 16:27","rzk_ali",331,"rssurjewala"
"13675",14,6065,"22-11-2016 16:34","ajaysharma1315",331,"rssurjewala"
"13674",14,6056,"22-11-2016 16:37","IchbinUjjaini",331,"rssurjewala"
"13673",14,6039,"22-11-2016 16:41","VinodhUM1",331,"rssurjewala"
"13672",14,5960,"22-11-2016 16:57","noronhalynn",331,"rssurjewala"
"13671",14,5926,"22-11-2016 17:07","Keyur210112",331,"rssurjewala"
"13670",14,5905,"22-11-2016 17:11","kauserseema",331,"rssurjewala"
"13669",14,5900,"22-11-2016 17:12","HamadMomin",331,"rssurjewala"
"13668",14,5886,"22-11-2016 17:15","ruthnora27",331,"rssurjewala"
"13667",14,5872,"22-11-2016 17:18","iparthpatel",331,"rssurjewala"
"13666",14,5856,"22-11-2016 17:20","kparveen2005",331,"rssurjewala"
"13665",14,5827,"22-11-2016 17:26","amms28",331,"rssurjewala"
"13664",14,5824,"22-11-2016 17:27","ajumis",331,"rssurjewala"
"13663",14,5818,"22-11-2016 17:28","AnitaAm9653275",331,"rssurjewala"
"13662",14,5812,"22-11-2016 17:31","FxBookers",331,"rssurjewala"
"13660",14,5743,"22-11-2016 17:51","Afroz786Bits",331,"rssurjewala"
"13661",14,5746,"22-11-2016 17:51","KamalHaider1991",331,"rssurjewala"
"13659",14,5731,"22-11-2016 17:53","rkmarar9",331,"rssurjewala"
"13658",14,5686,"22-11-2016 18:01","AsthaMittalRG",331,"rssurjewala"
"13657",14,5678,"22-11-2016 18:02","amar129438",331,"rssurjewala"
"13656",14,5676,"22-11-2016 18:03","Mohammedwasima3",331,"rssurjewala"
"13655",14,5670,"22-11-2016 18:04","naishadhvyas",331,"rssurjewala"
"13654",14,5651,"22-11-2016 18:09","manjujadhav_",331,"rssurjewala"
"13653",14,5626,"22-11-2016 18:14","prajakt990",331,"rssurjewala"
"13652",14,5625,"22-11-2016 18:15","Drraviphysio",331,"rssurjewala"
"13651",14,5612,"22-11-2016 18:16","IleshIdoshi",331,"rssurjewala"
"13650",14,5600,"22-11-2016 18:19","PalakMisty11",331,"rssurjewala"
"13648",14,5593,"22-11-2016 18:22","altaliaa",331,"rssurjewala"
"13649",14,5595,"22-11-2016 18:22","jaijaicongress",331,"rssurjewala"
"13647",14,5573,"22-11-2016 18:27","YoungHaryana",331,"rssurjewala"
"13646",14,5565,"22-11-2016 18:28","shreya7376",331,"rssurjewala"
"13645",14,5555,"22-11-2016 18:32","ahmed_sf",331,"rssurjewala"
"13644",14,5549,"22-11-2016 18:35","geetv79",331,"rssurjewala"
"13643",14,5544,"22-11-2016 18:36","blrvikash",331,"rssurjewala"
"13642",14,5527,"22-11-2016 18:45","dhirend16266090",331,"rssurjewala"
"13641",14,5498,"22-11-2016 18:55","narala_Ratnaker",331,"rssurjewala"
"13640",14,5483,"22-11-2016 19:03","srikantasingh",331,"rssurjewala"
"13639",14,5476,"22-11-2016 19:07","Ajitkumar_Kanan",331,"rssurjewala"
"13638",14,5444,"22-11-2016 19:25","vineetbakshi4",331,"rssurjewala"
"13637",14,5443,"22-11-2016 19:26","Hero56223621",331,"rssurjewala"
"13636",14,5367,"22-11-2016 20:22","Narayanan_P",331,"rssurjewala"
"13635",14,5357,"22-11-2016 20:29","chintu002",331,"rssurjewala"
"13634",14,5335,"22-11-2016 20:41","annu_philip",331,"rssurjewala"
"13633",14,5324,"22-11-2016 21:00","saifi_inam",331,"rssurjewala"
"13632",14,5318,"22-11-2016 21:03","JK_Yaduvanshi",0,"JK_Yaduvanshi"
"13631",14,5310,"22-11-2016 21:11","thekanishk",331,"rssurjewala"
"13630",14,5284,"22-11-2016 21:55","Braveindianmax",331,"rssurjewala"
"13629",14,5265,"22-11-2016 22:14","realtruthpak",331,"rssurjewala"
"13628",14,5228,"22-11-2016 23:34","jab9777",331,"rssurjewala"
"13627",14,5226,"22-11-2016 23:35","msirsiwal",331,"rssurjewala"
"13626",14,5214,"23-11-2016 00:01","ChowdhryGuru",331,"rssurjewala"
"13625",14,5207,"23-11-2016 00:13","dixitvinod167",331,"rssurjewala"
"13624",14,5162,"23-11-2016 00:47","jk_coolguy",331,"rssurjewala"
"13623",14,5133,"23-11-2016 01:05","SukhiiM",331,"rssurjewala"
"13622",14,5109,"23-11-2016 01:25","skti1988",331,"rssurjewala"
"13621",14,5083,"23-11-2016 01:43","c0sm0gyral",331,"rssurjewala"
"13620",14,5074,"23-11-2016 01:48","girish663",331,"rssurjewala"
"13619",14,5071,"23-11-2016 01:50","LYCKUSHINAGAR",331,"rssurjewala"
"13618",14,4957,"23-11-2016 02:53","NaheedMalik24",331,"rssurjewala"
"13617",14,4936,"23-11-2016 03:01","bhimajiyani_mz",331,"rssurjewala"
"13616",14,4894,"23-11-2016 03:16","Andrewf30898751",331,"rssurjewala"
"13615",14,4861,"23-11-2016 03:26","kuldeepdwived19",331,"rssurjewala"
"13614",14,4848,"23-11-2016 03:29","KunalChoudhary_",331,"rssurjewala"
"13613",14,4831,"23-11-2016 03:33","rkarnan",331,"rssurjewala"
"13612",14,4822,"23-11-2016 03:37","tshamsi88",331,"rssurjewala"
"13611",14,4805,"23-11-2016 03:42","uttrakhand_pyc",331,"rssurjewala"
"13609",14,4774,"23-11-2016 03:55","yogesverma85gma",331,"rssurjewala"
"13610",14,4776,"23-11-2016 03:55","sushilkaushik03",331,"rssurjewala"
"13608",14,4765,"23-11-2016 03:59","jitendransui",331,"rssurjewala"
"13607",14,4719,"23-11-2016 04:18","abhinavmaddy",331,"rssurjewala"
"13606",14,4709,"23-11-2016 04:21","ajaykusahu",331,"rssurjewala"
"13605",14,4698,"23-11-2016 04:25","KONARKDIXITKD",331,"rssurjewala"
"13604",14,4597,"23-11-2016 04:48","VarunChaubey11",331,"rssurjewala"
"13603",14,4582,"23-11-2016 04:53","satish_patidar_",331,"rssurjewala"
"13602",14,4574,"23-11-2016 04:56","KunwarNagendra",331,"rssurjewala"
"13601",14,4547,"23-11-2016 05:05","anjum_parwaz",331,"rssurjewala"
"13600",14,4465,"23-11-2016 05:27","Clefer10",331,"rssurjewala"
"13599",14,4273,"23-11-2016 06:05","drmalikkalam",331,"rssurjewala"
"13598",14,4263,"23-11-2016 06:06","ErRamanINC",331,"rssurjewala"
"13597",14,4258,"23-11-2016 06:07","sumamaiyc",331,"rssurjewala"
"13596",14,4173,"23-11-2016 06:14","manish_manisja",331,"rssurjewala"
"13595",14,4094,"23-11-2016 06:23","EmanMann2",331,"rssurjewala"
"13594",14,4053,"23-11-2016 06:25","Zakirhu51007984",331,"rssurjewala"
"13593",14,4002,"23-11-2016 06:28","LenaHaiToLe",331,"rssurjewala"
"13592",14,3894,"23-11-2016 06:40","MrinendraSingh",331,"rssurjewala"
"13591",14,3835,"23-11-2016 06:49","satishsheoran16",331,"rssurjewala"
"13590",14,3612,"23-11-2016 07:21","More18Anna",331,"rssurjewala"
"13589",14,3545,"23-11-2016 07:32","AzazShaikhIYC",331,"rssurjewala"
"13588",14,3391,"23-11-2016 07:53","FairViewPoint1",331,"rssurjewala"
"13587",14,3010,"23-11-2016 08:42","SonuBha24368306",331,"rssurjewala"
"13586",14,2972,"23-11-2016 08:47","HardevS97977417",331,"rssurjewala"
"13585",14,2914,"23-11-2016 08:58","srikanthrajeev",331,"rssurjewala"
"13584",14,2851,"23-11-2016 09:07","abkadir01",331,"rssurjewala"
"13583",14,2797,"23-11-2016 09:14","Vijay_Hitaishi",331,"rssurjewala"
"13582",14,2577,"23-11-2016 09:46","ManasMallik2025",331,"rssurjewala"
"13581",14,2426,"23-11-2016 09:59","asmon_fredrick",331,"rssurjewala"
"13580",14,2158,"23-11-2016 10:57","LIYAKAT9910",331,"rssurjewala"
"13579",14,2111,"23-11-2016 11:05","Rkyadav666",331,"rssurjewala"
"13578",14,2061,"23-11-2016 11:18","Kochar4Himanshu",331,"rssurjewala"
"13577",14,2005,"23-11-2016 11:28","JatyanVijay",331,"rssurjewala"
"13576",14,1990,"23-11-2016 11:31","Adilalam45U",331,"rssurjewala"
"13575",14,1893,"23-11-2016 11:48","DrJadav",331,"rssurjewala"
"13574",14,1871,"23-11-2016 11:52","virk_prabjot",331,"rssurjewala"
"13573",14,1857,"23-11-2016 11:54","DilawarIT",331,"rssurjewala"
"13572",14,1852,"23-11-2016 11:55","meenuji2",331,"rssurjewala"
"13571",14,1775,"23-11-2016 12:11","AbeerChawake",331,"rssurjewala"
"13570",14,1742,"23-11-2016 12:18","RajeshKocharek2",331,"rssurjewala"
"13569",14,1646,"23-11-2016 12:45","sha_vajid",331,"rssurjewala"
"13568",14,998,"23-11-2016 15:18","GopalSachdeva1",331,"rssurjewala"
"13567",14,400,"23-11-2016 17:11","rajnikanttiwa10",331,"rssurjewala"
"13566",14,218,"23-11-2016 17:50","ketan99222",331,"rssurjewala"
"13565",14,198,"23-11-2016 17:53","Maninde42125473",331,"rssurjewala"
"13564",14,181,"23-11-2016 17:55","AdMathura",331,"rssurjewala"
"13563",14,84,"23-11-2016 18:14","TussarJitu",331,"rssurjewala"
"13562",14,1,"23-11-2016 18:40","HASHTAGFARZIWAL",331,"rssurjewala"
